Id Place,RC number,Store,Article,Version,Description,Aisle,Rack,Level,Stack,Quantity,Quantity Not Available,Quantity Available,Batch/Series,Expiry,Value(EUR),
2180023,239124,NBO,SMSUGLOS70-,NBO,"GLOVES, SURGICAL, latex, s.u., sterile, pair, 7",B,03,01,C,9200,0,9200,KANA2509152C170,30-08-2030,1886,
2178360,245062,NBO,SDRECOTW5R-,NBO,"COTTON WOOL, hydrophilic, roll, 500 g",B,03,02,B,480,0,480,SYLA2601MSF,31-03-2031,843.20976,
2178361,245062,NBO,SDRECOTW5R-,NBO,"COTTON WOOL, hydrophilic, roll, 500 g",B,03,02,C,480,0,480,SYLA2601MSF,31-03-2031,843.20976,
2178362,245062,NBO,SDRECOTW5R-,NBO,"COTTON WOOL, hydrophilic, roll, 500 g",B,03,03,A,480,0,480,SYLA2601MSF,31-03-2031,843.20976,
2178363,245062,NBO,SDRECOTW5R-,NBO,"COTTON WOOL, hydrophilic, roll, 500 g",B,03,03,B,480,0,480,SYLA2601MSF,31-03-2031,843.20976,
2178321,245062,NBO,SDRECOMP4A4,NBO,"COMPRESS, abdominal, 45x45 cm, 4 layers, 17 threads, sterile",B,03,03,C,3600,0,3600,XUZE2691ZB,31-01-2031,786.1464,
2180024,239124,NBO,SMSUGLOS70-,NBO,"GLOVES, SURGICAL, latex, s.u., sterile, pair, 7",B,04,01,A,9600,0,9600,KANA2509152C170,30-08-2030,1968,
2180454,245572,NBO,SMSUGLOS75-,NBO,"GLOVES, SURGICAL, latex, s.u., sterile, pair, 7.5",B,04,01,B,4000,0,4000,KANA2603380C175,28-02-2031,880.08,
2164522,243108,NBO,SMSUBAGP16-,NBO,"BAG, plastic, for health card, 16x22 cm, re-sealable zipper",B,04,02,B,128000,0,128000,,,1600,
2180406,241484,NBO,DINFSODC9SRF5,NBO,"SODIUM chloride, 0.9%, 500ml, semi-rigid bot., PVC free",B,05,01,B,1000,0,1000,LABAP1401,31-07-2030,500,
2142984,239124,NBO,SMSUGLOS80-,NBO,"GLOVES, SURGICAL, latex, s.u., sterile, pair, 8",B,05,01,C,8400,0,8400,KANA2509152C180,30-08-2030,1722,
2178322,245062,NBO,SDRECOMP4A4,NBO,"COMPRESS, abdominal, 45x45 cm, 4 layers, 17 threads, sterile",B,05,02,A,3600,0,3600,XUZE2691ZB,31-01-2031,786.1464,
2145807,239874,NBO,SINSIVCST24W2,NBO,"SAFETY IV CATHETER, tip, 24G x 19 mm, wings, no IP, yellow",B,05,03,B,27000,0,27000,POLM3330725K,31-08-2030,6574.824,
2145810,239874,NBO,SINSIVCST24W2,NBO,"SAFETY IV CATHETER, tip, 24G x 19 mm, wings, no IP, yellow",B,06,01,A,12000,0,12000,POLM3330725K,31-08-2030,2922.144,
2125378,236561,NBO,SMSUGLOS70-,NBO,"GLOVES, SURGICAL, latex, s.u., sterile, pair, 7",B,06,01,C,6800,0,6800,KANA2505362C170,30-04-2030,1394,
2141717,236561,NBO,SMSUGLOS70-,NBO,"GLOVES, SURGICAL, latex, s.u., sterile, pair, 7",B,06,01,C,800,0,800,KANA2505362C170,30-04-2030,164,
2178314,245062,NBO,SDREBANE104,NBO,"BANDAGE, CREPE (Velpeau), 10 cm x 4 m",B,06,02,C,4800,0,4800,SYLA2611SA,31-01-2031,579.1008,
2178315,245062,NBO,SDREBANE104,NBO,"BANDAGE, CREPE (Velpeau), 10 cm x 4 m",B,06,03,A,4800,0,4800,SYLA2611SA,31-01-2031,579.1008,
2180456,245572,NBO,SMSUGLOS80-,NBO,"GLOVES, SURGICAL, latex, s.u., sterile, pair, 8",B,07,01,A,7600,0,7600,KANA2603380C180,28-02-2031,1672.152,
2118345,232709,NBO,SINSSYAI005,NBO,"SYRINGE, AUTO-DISABLE with needle, s.u., imm, 0.5 ml",B,07,01,B,28800,0,28800,ADMD812507,30-12-2029,914.3136,
2164526,243108,NBO,SDDCBAGP06P1,NBO,"BAG for drugs, plastic, zipper, 6 x 8 cm, + pictogram 2020",B,07,01,C,480000,0,480000,,,1248,
2180407,241484,NBO,DINFSODC9SRF5,NBO,"SODIUM chloride, 0.9%, 500ml, semi-rigid bot., PVC free",B,08,01,A,1000,0,1000,LABAP1401,31-07-2030,500,
2157585,241943,NBO,SDRECOTW5R-,NBO,"COTTON WOOL, hydrophilic, roll, 500 g",B,08,01,B,288,0,288,SYLA2504MSF,31-10-2030,501.12,
2176356,241943,NBO,SDRECOMP4A4,NBO,"COMPRESS, abdominal, 45x45 cm, 4 layers, 17 threads, sterile",B,08,01,C,1200,0,1200,SYLA2643ZB-1,31-10-2030,259.56,
2178324,245062,NBO,SDRECOMN7N-,NBO,"COMPRESS, NON WOVEN, 4 plies, 7.5 cm, non sterile",B,09,01,A,45000,0,45000,SYLA2611SA,31-01-2031,171.09,
2180458,245572,NBO,SMSUGLOS85-,NBO,"GLOVES, SURGICAL, latex, s.u., sterile, pair, 8.5",B,09,01,B,8800,0,8800,KANA2603380C185,28-02-2031,1936.176,
2178306,245062,NBO,SDRETAPA1P5,NBO,"ADHESIVE TAPE, fabric, perforated, 10cm x 5m",B,09,01,C,2304,0,2304,SYLA2608SY,31-01-2031,4380.735744,
2178313,245062,NBO,SDREBANE104,NBO,"BANDAGE, CREPE (Velpeau), 10 cm x 4 m",B,10,01,A,4800,0,4800,SYLA2611SA,31-01-2031,579.1008,
2129116,237338,NBO,SMSUGLOE1L-,NBO,"GLOVE, EXAMINATION, latex, s.u. non sterile, large",B,10,01,B,54000,0,54000,MDLNKSS25W27,28-06-2028,1836,
2175980,244748,NBO,SINSNEED19-,NBO,"NEEDLE, s.u., Luer, 19 G (1.1 x 40 mm) cream, IV",B,11,01,A,150000,0,150000,JMMT20260220,19-02-2031,1539.45,
2176494,244715,NBO,SINSIVCST20W1,NBO,"SAFETY IV CATHETER, tip, 20G x 32 mm, wings, IP, pink",B,11,01,B,26500,0,26500,POLM3061526B,31-01-2031,6378.8415,
2173850,244070,NBO,SMSUGLEN1L-,NBO,"GLOVE, EXAMINATION, nitrile, s.u., non sterile, L",B,11,01,C,36000,0,36000,MDLNZIM26W03,28-12-2030,684,
2164517,243108,NBO,SMSUBAGP16-,NBO,"BAG, plastic, for health card, 16x22 cm, re-sealable zipper",B,12,01,B,128000,0,128000,,,1600,
2173855,244070,NBO,SMSUGLEN1L-,NBO,"GLOVE, EXAMINATION, nitrile, s.u., non sterile, L",B,12,01,C,108000,0,108000,MDLNZIM26W03,28-12-2030,2052,
2107859,232709,NBO,SINSSYAI005,NBO,"SYRINGE, AUTO-DISABLE with needle, s.u., imm, 0.5 ml",B,12,02,A,38400,0,38400,ADMD812507,30-12-2029,1219.0848,
2107860,232709,NBO,SINSSYAI005,NBO,"SYRINGE, AUTO-DISABLE with needle, s.u., imm, 0.5 ml",B,12,02,B,38400,0,38400,ADMD812507,30-12-2029,1219.0848,
2175962,244748,NBO,SINSSYDL05-,NBO,"SYRINGE, s.u., Luer, 5 ml",B,13,03,A,12000,0,12000,JMMT20260220,19-02-2031,303.444,
2175965,244748,NBO,SINSSYDL05-,NBO,"SYRINGE, s.u., Luer, 5 ml",B,13,03,B,19200,0,19200,JMMT20260220,19-02-2031,485.5104,
2181618,241484,NBO,DINFSODC9SRF5,NBO,"SODIUM chloride, 0.9%, 500ml, semi-rigid bot., PVC free",B,15,01,A,1000,0,1000,LABAP1401,31-07-2030,500,
2126742,236797,NBO,DINFDEXT5SRF5,NBO,"DEXTROSE (GLUCOSE), 5%, 500ml, semi-rigid bot., PVC free",B,15,01,B,320,0,320,LABAN0708,31-03-2029,176,
2176480,244715,NBO,SINSSETI2--,NBO,"INFUSION SET 'Y', Luer-lock, air inlet, sterile, s.u.",B,15,01,C,4000,0,4000,POLM6056026B,31-01-2031,510.52,
2176481,244715,NBO,SINSSETI2--,NBO,"INFUSION SET 'Y', Luer-lock, air inlet, sterile, s.u.",B,16,01,A,5000,0,5000,POLM6056026B,31-01-2031,638.15,
2176340,241943,NBO,SDRECOMP4A4,NBO,"COMPRESS, abdominal, 45x45 cm, 4 layers, 17 threads, sterile",B,16,01,B,3600,0,3600,SYLA2643ZB-1,31-10-2030,778.68,
2180405,244070,NBO,SMSUGLEN1M-,NBO,"GLOVE, EXAMINATION, nitrile, s.u., non sterile, M",B,16,01,C,108000,0,108000,MDLNZIM26W03,28-12-2030,2052,
2181621,241484,NBO,DINFSODC9SRF5,NBO,"SODIUM chloride, 0.9%, 500ml, semi-rigid bot., PVC free",B,16,02,A,1000,0,1000,LABAP1401,31-07-2030,500,
2181620,241484,NBO,DINFSODC9SRF5,NBO,"SODIUM chloride, 0.9%, 500ml, semi-rigid bot., PVC free",B,16,02,B,1000,0,1000,LABAP1401,31-07-2030,500,
2181619,241484,NBO,DINFSODC9SRF5,NBO,"SODIUM chloride, 0.9%, 500ml, semi-rigid bot., PVC free",B,16,02,C,1000,0,1000,LABAP1401,31-07-2030,500,
2157580,241943,NBO,SDRETAPA1P5,NBO,"ADHESIVE TAPE, fabric, perforated, 10cm x 5m",B,17,01,A,2304,0,2304,SYLA2604SY-1,31-10-2030,4339.199232,
2180404,244070,NBO,SMSUGLEN1M-,NBO,"GLOVE, EXAMINATION, nitrile, s.u., non sterile, M",B,17,01,B,108000,0,108000,MDLNZIM26W03,28-12-2030,2052,
2180034,241943,NBO,SDRECOTW5R-,NBO,"COTTON WOOL, hydrophilic, roll, 500 g",B,17,01,C,480,0,480,SYLA2504MSF,31-10-2030,835.2,
2181617,241484,NBO,DINFSODC9SRF5,NBO,"SODIUM chloride, 0.9%, 500ml, semi-rigid bot., PVC free",B,18,01,A,1000,0,1000,LABAP1401,31-07-2030,500,
2180035,241943,NBO,SDRECOTW5R-,NBO,"COTTON WOOL, hydrophilic, roll, 500 g",B,18,01,B,480,0,480,SYLA2504MSF,31-10-2030,835.2,
2173856,244070,NBO,SMSUGLEN1S-,NBO,"GLOVE, EXAMINATION, nitrile, s.u., non sterile, S",B,18,01,C,6000,0,6000,MDLNZIM26W02,28-12-2030,114,
2181622,241484,NBO,DINFSODC9SRF5,NBO,"SODIUM chloride, 0.9%, 500ml, semi-rigid bot., PVC free",B,18,02,A,1000,0,1000,LABAP1401,31-07-2030,500,
2181623,241484,NBO,DINFSODC9SRF5,NBO,"SODIUM chloride, 0.9%, 500ml, semi-rigid bot., PVC free",B,18,02,B,1000,0,1000,LABAP1401,31-07-2030,500,
2181624,241484,NBO,DINFSODC9SRF5,NBO,"SODIUM chloride, 0.9%, 500ml, semi-rigid bot., PVC free",B,18,02,C,1000,0,1000,LABAP1401,31-07-2030,500,
2180036,241943,NBO,SDRECOTW5R-,NBO,"COTTON WOOL, hydrophilic, roll, 500 g",B,19,01,A,480,0,480,SYLA2504MSF,31-10-2030,835.2,
2180403,244070,NBO,SMSUGLEN1L-,NBO,"GLOVE, EXAMINATION, nitrile, s.u., non sterile, L",B,19,01,B,108000,0,108000,MDLNZIM26W03,28-12-2030,2052,
2173940,237338,NBO,SMSUGLOE1M-,NBO,"GLOVE, EXAMINATION, latex, s.u. non sterile, medium",B,19,01,C,47000,0,47000,MDLNKSS25W27,28-06-2028,1598,
2181616,240409,NBO,DINFRINL1FBF1,NBO,"RINGER lactate, 1l, flex. bag, PVC free",B,20,01,B,672,0,672,BIEF25H10E9B,31-07-2028,551.04,
2181615,240409,NBO,DINFRINL1FBF1,NBO,"RINGER lactate, 1l, flex. bag, PVC free",B,20,01,C,672,0,672,BIEF25H10E9B,31-07-2028,551.04,
2180402,244070,NBO,SMSUGLEN1L-,NBO,"GLOVE, EXAMINATION, nitrile, s.u., non sterile, L",B,21,01,A,108000,0,108000,MDLNZIM26W03,28-12-2030,2052,
2169029,243028,NBO,DINFDERI5FBF5,NBO,"DEXTROSE 5%/ RINGER LACTATE, 500ml, flex. bag, PVC free",B,21,01,B,200,0,200,BIEF25K10E5B,31-10-2027,156,
2178307,245062,NBO,SDRETAPA1P5,NBO,"ADHESIVE TAPE, fabric, perforated, 10cm x 5m",B,21,01,C,576,0,576,SYLA2608SY,31-01-2031,1095.183936,
2173857,244070,NBO,SMSUGLEN1S-,NBO,"GLOVE, EXAMINATION, nitrile, s.u., non sterile, S",B,23,01,A,108000,0,108000,MDLNZIM26W02,28-12-2030,2052,
2176511,244715,NBO,SCTDBAGU2VSS,NBO,"URINE BAG 2 l, drain., non-ret. valves, sampling port, ster.",C,02,01,A,1800,0,1800,POM6053426B,31-01-2031,549.6588,
2176512,244715,NBO,SCTDBAGU2VSS,NBO,"URINE BAG 2 l, drain., non-ret. valves, sampling port, ster.",C,02,02,A,1800,0,1800,POM6053426B,31-01-2031,549.6588,
2176513,244715,NBO,SCTDBAGU2VSS,NBO,"URINE BAG 2 l, drain., non-ret. valves, sampling port, ster.",C,02,03,A,1800,0,1800,POM6053426B,31-01-2031,549.6588,
2128780,236797,NBO,DINFDEXT5SRF5,NBO,"DEXTROSE (GLUCOSE), 5%, 500ml, semi-rigid bot., PVC free",C,03,01,B,1000,0,1000,LABAN0708,31-03-2029,550,
2175979,244748,NBO,SINSNEED19-,NBO,"NEEDLE, s.u., Luer, 19 G (1.1 x 40 mm) cream, IV",C,03,01,C,130000,0,130000,JMMT20260220,19-02-2031,1334.19,
2178845,245040,NBO,DINFRINL1FBF1,NBO,"RINGER lactate, 1l, flex. bag, PVC free",C,03,02,C,672,0,672,BIEF25L09E0T,30-11-2028,579.385632,
2155209,241238,NBO,SINSNEED19-,NBO,"NEEDLE, s.u., Luer, 19 G (1.1 x 40 mm) cream, IV",C,03,03,C,160000,0,160000,JMMT20250920,19-09-2030,1344,
2139645,232709,NBO,SINSSYAI005,NBO,"SYRINGE, AUTO-DISABLE with needle, s.u., imm, 0.5 ml",C,04,01,B,38400,0,38400,ADMD812507,30-12-2029,1219.0848,
2176498,244715,NBO,SINSIVCST22W1,NBO,"SAFETY IV CATHETER, tip, 22G x 25 mm, wings, IP, blue",C,04,01,C,26000,0,26000,POLM3061626B,31-01-2031,6258.486,
2178846,245040,NBO,DINFRINL1FBF1,NBO,"RINGER lactate, 1l, flex. bag, PVC free",C,04,02,A,672,0,672,BIEF25L09E0T,30-11-2028,579.385632,
2176500,244715,NBO,SINSIVCST22W1,NBO,"SAFETY IV CATHETER, tip, 22G x 25 mm, wings, IP, blue",C,04,03,C,27000,0,27000,POLM3061626B,31-01-2031,6499.197,
2180027,239874,NBO,SINSSETP150,NBO,"SET, INFUSION, paediatric, precision, sterile, s.u.",C,05,01,A,1000,0,1000,POLM2515396K,31-08-2030,454.984,
2164563,243077,NBO,ELINGOWSSXL,NBO,"SURGICAL GOWN, non-woven, high performance, sterile., XL",C,05,01,B,525,0,525,ZARY062509300E,16-09-2030,524.4078,
2179061,243019,NBO,DINFDERI5FBF5,NBO,"DEXTROSE 5%/ RINGER LACTATE, 500ml, flex. bag, PVC free",C,05,01,C,1280,0,1280,BIEF25K10E5B,31-10-2027,998.4,
2178864,245040,NBO,DINFRINL1FBF1,NBO,"RINGER lactate, 1l, flex. bag, PVC free",C,05,02,C,672,0,672,BIEF25L10E0U,30-11-2028,579.385632,
2178305,245062,NBO,SDRECOMP1S-,NBO,"COMPRESS, GAUZE, 10 cm, 12 plies, 17 threads, sterile",C,05,03,C,22000,0,22000,XUZE2691ZB,31-01-2031,617.474,
2176499,244715,NBO,SINSIVCST22W1,NBO,"SAFETY IV CATHETER, tip, 22G x 25 mm, wings, IP, blue",C,06,01,A,22000,0,22000,POLM3061626B,31-01-2031,5295.642,
2179062,243019,NBO,DINFDERI5FBF5,NBO,"DEXTROSE 5%/ RINGER LACTATE, 500ml, flex. bag, PVC free",C,06,01,B,1280,0,1280,BIEF25K10E5B,31-10-2027,998.4,
2129115,237338,NBO,SMSUGLOE1L-,NBO,"GLOVE, EXAMINATION, latex, s.u. non sterile, large",C,06,01,C,54000,0,54000,MDLNKSS25W27,28-06-2028,1836,
2164527,243108,NBO,SDDCBAGP06P1,NBO,"BAG for drugs, plastic, zipper, 6 x 8 cm, + pictogram 2020",C,06,02,B,480000,0,480000,,,1248,
2178337,245062,NBO,SDRECOTW5R-,NBO,"COTTON WOOL, hydrophilic, roll, 500 g",C,06,03,A,480,0,480,SYLA2601MSF,31-03-2031,843.20976,
2176506,244715,NBO,SINSIVCST24W2,NBO,"SAFETY IV CATHETER, tip, 24G x 19 mm, wings, no IP, yellow",C,06,03,B,27000,0,27000,POLM3061326B,31-01-2031,7263.81,
2178338,245062,NBO,SDRECOTW5R-,NBO,"COTTON WOOL, hydrophilic, roll, 500 g",C,06,03,C,480,0,480,SYLA2601MSF,31-03-2031,843.20976,
2176504,244715,NBO,SINSIVCST24W2,NBO,"SAFETY IV CATHETER, tip, 24G x 19 mm, wings, no IP, yellow",C,07,01,A,19000,0,19000,POLM3061326B,31-01-2031,5111.57,
2180457,245572,NBO,SMSUGLOS65-,NBO,"GLOVES, SURGICAL, latex, s.u., sterile, pair, 6.5",C,07,01,B,8800,0,8800,KANA2603380C165,28-02-2031,1936.176,
2176851,241484,NBO,DINFSODC9SRF5,NBO,"SODIUM chloride, 0.9%, 500ml, semi-rigid bot., PVC free",C,07,01,C,920,0,920,LABAP1401,31-07-2030,460,
2176476,244715,NBO,SINSSETI2--,NBO,"INFUSION SET 'Y', Luer-lock, air inlet, sterile, s.u.",C,07,02,A,5000,0,5000,POLM6056026B,31-01-2031,638.15,
2182303,241943,NBO,SDRECOTW5R-,NBO,"COTTON WOOL, hydrophilic, roll, 500 g",C,07,02,B,480,0,480,SYLA2504MSF,31-10-2030,835.2,
2176477,244715,NBO,SINSSETI2--,NBO,"INFUSION SET 'Y', Luer-lock, air inlet, sterile, s.u.",C,07,02,C,5000,0,5000,POLM6056026B,31-01-2031,638.15,
2145796,239874,NBO,SINSSETI2--,NBO,"INFUSION SET 'Y', Luer-lock, air inlet, sterile, s.u.",C,07,03,A,5000,0,5000,POLM6295725K,31-08-2030,576.74,
2176478,244715,NBO,SINSSETI2--,NBO,"INFUSION SET 'Y', Luer-lock, air inlet, sterile, s.u.",C,07,03,B,5000,0,5000,POLM6056026B,31-01-2031,638.15,
2176852,241484,NBO,DINFSODC9SRF5,NBO,"SODIUM chloride, 0.9%, 500ml, semi-rigid bot., PVC free",C,08,01,B,1000,0,1000,LABAP1401,31-07-2030,500,
2176503,244715,NBO,SINSIVCST24W2,NBO,"SAFETY IV CATHETER, tip, 24G x 19 mm, wings, no IP, yellow",C,08,01,C,27000,0,27000,POLM3061326B,31-01-2031,7263.81,
2176479,244715,NBO,SINSSETI2--,NBO,"INFUSION SET 'Y', Luer-lock, air inlet, sterile, s.u.",C,08,02,A,5000,0,5000,POLM6056026B,31-01-2031,638.15,
2178339,245062,NBO,SDRECOTW5R-,NBO,"COTTON WOOL, hydrophilic, roll, 500 g",C,08,02,B,480,0,480,SYLA2601MSF,31-03-2031,843.20976,
2129121,237338,NBO,SMSUGLOE1L-,NBO,"GLOVE, EXAMINATION, latex, s.u. non sterile, large",C,08,03,A,54000,0,54000,MDLNKSS25W27,28-06-2028,1836,
2164518,243108,NBO,SMSUBAGP16-,NBO,"BAG, plastic, for health card, 16x22 cm, re-sealable zipper",C,08,03,B,128000,0,128000,,,1600,
2164519,243108,NBO,SMSUBAGP16-,NBO,"BAG, plastic, for health card, 16x22 cm, re-sealable zipper",C,08,03,C,128000,0,128000,,,1600,
2182301,241943,NBO,SDRECOTW5R-,NBO,"COTTON WOOL, hydrophilic, roll, 500 g",C,09,01,A,480,0,480,SYLA2504MSF,31-10-2030,835.2,
2180451,245572,NBO,SMSUGLOS75-,NBO,"GLOVES, SURGICAL, latex, s.u., sterile, pair, 7.5",C,09,01,B,8400,0,8400,KANA2603380C175,28-02-2031,1848.168,
2131026,237338,NBO,SMSUGLOE1L-,NBO,"GLOVE, EXAMINATION, latex, s.u. non sterile, large",C,09,02,A,54000,0,54000,MDLNKSS25W27,28-06-2028,1836,
2176458,244715,NBO,SINSSETP150,NBO,"SET, INFUSION, paediatric, precision, sterile, s.u.",C,09,02,B,1000,0,1000,POLM2611026B,31-01-2031,511.766,
2176459,244715,NBO,SINSSETP150,NBO,"SET, INFUSION, paediatric, precision, sterile, s.u.",C,09,02,C,1000,0,1000,POLM2611026B,31-01-2031,511.766,
2176462,244715,NBO,SINSSETP150,NBO,"SET, INFUSION, paediatric, precision, sterile, s.u.",C,09,03,A,1000,0,1000,POLM2611027B,31-01-2031,511.766,
2129120,237338,NBO,SMSUGLOE1L-,NBO,"GLOVE, EXAMINATION, latex, s.u. non sterile, large",C,09,03,B,54000,0,54000,MDLNKSS25W27,28-06-2028,1836,
2176463,244715,NBO,SINSSETP150,NBO,"SET, INFUSION, paediatric, precision, sterile, s.u.",C,09,03,C,1000,0,1000,POLM2611027B,31-01-2031,511.766,
2180026,239874,NBO,SINSSETP150,NBO,"SET, INFUSION, paediatric, precision, sterile, s.u.",C,10,01,A,1000,0,1000,POLM2515396K,31-08-2030,454.984,
2171118,243795,NBO,NFOSRUTFPEP92,NBO,"READY-TO-USE THERAPEUTIC FOOD, peanut paste, 92g",C,10,01,B,9750,0,9750,INPK362,10-03-2028,2509.8255,
2146218,237338,NBO,SMSUGLOE1L-,NBO,"GLOVE, EXAMINATION, latex, s.u. non sterile, large",C,10,01,C,25000,0,25000,MDLNKSS25W27,28-06-2028,850,
2145797,239874,NBO,SINSSETI2--,NBO,"INFUSION SET 'Y', Luer-lock, air inlet, sterile, s.u.",C,10,02,A,5000,0,5000,POLM6295725K,31-08-2030,576.74,
2178340,245062,NBO,SDRECOTW5R-,NBO,"COTTON WOOL, hydrophilic, roll, 500 g",C,10,02,C,480,0,480,SYLA2601MSF,31-03-2031,843.20976,
2176464,244715,NBO,SINSSETP150,NBO,"SET, INFUSION, paediatric, precision, sterile, s.u.",C,10,03,B,1000,0,1000,POLM2611027B,31-01-2031,511.766,
2176465,244715,NBO,SINSSETP150,NBO,"SET, INFUSION, paediatric, precision, sterile, s.u.",C,10,03,C,900,0,900,POLM2611027B,31-01-2031,460.5894,
2176505,244715,NBO,SINSIVCST24W2,NBO,"SAFETY IV CATHETER, tip, 24G x 19 mm, wings, no IP, yellow",C,11,01,A,27000,0,27000,POLM3061326B,31-01-2031,7263.81,
2155215,241238,NBO,SINSSYDL01-,NBO,"SYRINGE, s.u., Luer, 1 ml, graduated 1/100",C,11,01,B,3600,0,3600,JMMT20250920,19-09-2030,81.72,
2180397,240409,NBO,DINFRINL1FBF1,NBO,"RINGER lactate, 1l, flex. bag, PVC free",C,11,01,C,672,0,672,BIEF25H10E9B,31-07-2028,551.04,
2176468,244715,NBO,SINSSETP150,NBO,"SET, INFUSION, paediatric, precision, sterile, s.u.",C,11,02,A,1000,0,1000,POLM2611028B,31-01-2031,511.766,
2176469,244715,NBO,SINSSETP150,NBO,"SET, INFUSION, paediatric, precision, sterile, s.u.",C,11,02,B,1000,0,1000,POLM2611028B,31-01-2031,511.766,
2176470,244715,NBO,SINSSETP150,NBO,"SET, INFUSION, paediatric, precision, sterile, s.u.",C,11,02,C,1000,0,1000,POLM2611028B,31-01-2031,511.766,
2176471,244715,NBO,SINSSETP150,NBO,"SET, INFUSION, paediatric, precision, sterile, s.u.",C,11,03,B,900,0,900,POLM2611028B,31-01-2031,460.5894,
2176475,244715,NBO,SINSSETP150,NBO,"SET, INFUSION, paediatric, precision, sterile, s.u.",C,11,03,C,1000,0,1000,POLM2611029B,31-01-2031,511.766,
2146219,237338,NBO,SMSUGLOE1L-,NBO,"GLOVE, EXAMINATION, latex, s.u. non sterile, large",C,12,01,A,54000,0,54000,MDLNKSS25W27,28-06-2028,1836,
2173942,237338,NBO,SMSUGLOE1M-,NBO,"GLOVE, EXAMINATION, latex, s.u. non sterile, medium",C,12,01,B,54000,0,54000,MDLNKSS25W27,28-06-2028,1836,
2180025,243108,NBO,SMSUBAGP16-,NBO,"BAG, plastic, for health card, 16x22 cm, re-sealable zipper",C,12,01,C,68000,0,68000,,,850,
2178341,245062,NBO,SDRECOTW5R-,NBO,"COTTON WOOL, hydrophilic, roll, 500 g",C,12,02,A,480,0,480,SYLA2601MSF,31-03-2031,843.20976,
2145739,239874,NBO,SINSSETP150,NBO,"SET, INFUSION, paediatric, precision, sterile, s.u.",C,12,02,B,1000,0,1000,POLM2515396K,31-08-2030,454.984,
2178342,245062,NBO,SDRECOTW5R-,NBO,"COTTON WOOL, hydrophilic, roll, 500 g",C,12,02,C,480,0,480,SYLA2601MSF,31-03-2031,843.20976,
2178343,245062,NBO,SDRECOTW5R-,NBO,"COTTON WOOL, hydrophilic, roll, 500 g",C,12,03,C,480,0,480,SYLA2601MSF,31-03-2031,843.20976,
2175972,244748,NBO,SINSSYDL20-,NBO,"SYRINGE, s.u., Luer, 20 ml",C,15,01,B,3600,0,3600,JMMT20260220,19-02-2031,246.0564,
2176460,244715,NBO,SINSSETP150,NBO,"SET, INFUSION, paediatric, precision, sterile, s.u.",C,15,01,C,900,0,900,POLM2611026B,31-01-2031,460.5894,
2182302,241943,NBO,SDRECOTW5R-,NBO,"COTTON WOOL, hydrophilic, roll, 500 g",C,15,02,A,480,0,480,SYLA2504MSF,31-10-2030,835.2,
2178344,245062,NBO,SDRECOTW5R-,NBO,"COTTON WOOL, hydrophilic, roll, 500 g",C,15,02,B,480,0,480,SYLA2601MSF,31-03-2031,843.20976,
2178345,245062,NBO,SDRECOTW5R-,NBO,"COTTON WOOL, hydrophilic, roll, 500 g",C,15,02,C,480,0,480,SYLA2601MSF,31-03-2031,843.20976,
2145745,239874,NBO,SINSSETP150,NBO,"SET, INFUSION, paediatric, precision, sterile, s.u.",C,15,03,A,1000,0,1000,POLM2515397K,31-08-2030,454.984,
2178346,245062,NBO,SDRECOTW5R-,NBO,"COTTON WOOL, hydrophilic, roll, 500 g",C,15,03,C,480,0,480,SYLA2601MSF,31-03-2031,843.20976,
2180450,245572,NBO,SMSUGLOS75-,NBO,"GLOVES, SURGICAL, latex, s.u., sterile, pair, 7.5",C,16,01,A,9600,0,9600,KANA2603380C175,28-02-2031,2112.192,
2149783,240409,NBO,DINFRINL1FBF1,NBO,"RINGER lactate, 1l, flex. bag, PVC free",C,16,01,B,144,0,144,BIEF25H09E9Z,31-07-2028,118.08,
2178347,245062,NBO,SDRECOTW5R-,NBO,"COTTON WOOL, hydrophilic, roll, 500 g",C,16,02,A,480,0,480,SYLA2601MSF,31-03-2031,843.20976,
2178348,245062,NBO,SDRECOTW5R-,NBO,"COTTON WOOL, hydrophilic, roll, 500 g",C,16,02,B,480,0,480,SYLA2601MSF,31-03-2031,843.20976,
2178349,245062,NBO,SDRECOTW5R-,NBO,"COTTON WOOL, hydrophilic, roll, 500 g",C,16,02,C,480,0,480,SYLA2601MSF,31-03-2031,843.20976,
2180449,245572,NBO,SMSUGLOS75-,NBO,"GLOVES, SURGICAL, latex, s.u., sterile, pair, 7.5",C,16,03,A,9600,0,9600,KANA2603380C175,28-02-2031,2112.192,
2176457,244715,NBO,SINSSETP150,NBO,"SET, INFUSION, paediatric, precision, sterile, s.u.",C,17,01,A,1000,0,1000,POLM2611026B,31-01-2031,511.766,
2157581,241943,NBO,SDRETAPA1P5,NBO,"ADHESIVE TAPE, fabric, perforated, 10cm x 5m",C,17,01,B,432,0,432,SYLA2604SY-1,31-10-2030,813.599856,
2164515,243108,NBO,SMSUBAGP16-,NBO,"BAG, plastic, for health card, 16x22 cm, re-sealable zipper",C,17,01,C,16000,0,16000,,,200,
2178350,245062,NBO,SDRECOTW5R-,NBO,"COTTON WOOL, hydrophilic, roll, 500 g",C,17,02,A,480,0,480,SYLA2601MSF,31-03-2031,843.20976,
2178351,245062,NBO,SDRECOTW5R-,NBO,"COTTON WOOL, hydrophilic, roll, 500 g",C,17,02,B,480,0,480,SYLA2601MSF,31-03-2031,843.20976,
2178352,245062,NBO,SDRECOTW5R-,NBO,"COTTON WOOL, hydrophilic, roll, 500 g",C,17,02,C,480,0,480,SYLA2601MSF,31-03-2031,843.20976,
2178353,245062,NBO,SDRECOTW5R-,NBO,"COTTON WOOL, hydrophilic, roll, 500 g",C,17,03,B,480,0,480,SYLA2601MSF,31-03-2031,843.20976,
2178354,245062,NBO,SDRECOTW5R-,NBO,"COTTON WOOL, hydrophilic, roll, 500 g",C,17,03,C,480,0,480,SYLA2601MSF,31-03-2031,843.20976,
2180398,240409,NBO,DINFRINL1FBF1,NBO,"RINGER lactate, 1l, flex. bag, PVC free",C,18,01,A,672,0,672,BIEF25H10E9B,31-07-2028,551.04,
2152910,240978,NBO,ELINDRSS5US,NBO,"DRAPE, non-woven, high perf., sterile, universal set",C,18,01,B,136,0,136,ZARY062509091E,15-09-2030,895.793376,
2178355,245062,NBO,SDRECOTW5R-,NBO,"COTTON WOOL, hydrophilic, roll, 500 g",C,18,02,A,480,0,480,SYLA2601MSF,31-03-2031,843.20976,
2128775,236797,NBO,DINFDEXT5SRF5,NBO,"DEXTROSE (GLUCOSE), 5%, 500ml, semi-rigid bot., PVC free",C,18,02,B,1000,0,1000,LABAN0708,31-03-2029,550,
2128776,236797,NBO,DINFDEXT5SRF5,NBO,"DEXTROSE (GLUCOSE), 5%, 500ml, semi-rigid bot., PVC free",C,18,02,C,1000,0,1000,LABAN0708,31-03-2029,550,
2178356,245062,NBO,SDRECOTW5R-,NBO,"COTTON WOOL, hydrophilic, roll, 500 g",C,18,03,A,480,0,480,SYLA2601MSF,31-03-2031,843.20976,
2179063,243019,NBO,DINFDERI5FBF5,NBO,"DEXTROSE 5%/ RINGER LACTATE, 500ml, flex. bag, PVC free",C,19,01,A,1280,0,1280,BIEF25K10E5B,31-10-2027,998.4,
2180399,240409,NBO,DINFRINL1FBF1,NBO,"RINGER lactate, 1l, flex. bag, PVC free",C,19,01,B,672,0,672,BIEF25H10E9B,31-07-2028,551.04,
2178357,245062,NBO,SDRECOTW5R-,NBO,"COTTON WOOL, hydrophilic, roll, 500 g",C,19,02,A,480,0,480,SYLA2601MSF,31-03-2031,843.20976,
2178358,245062,NBO,SDRECOTW5R-,NBO,"COTTON WOOL, hydrophilic, roll, 500 g",C,19,02,B,480,0,480,SYLA2601MSF,31-03-2031,843.20976,
2164529,243108,NBO,SDDCBAGP06P1,NBO,"BAG for drugs, plastic, zipper, 6 x 8 cm, + pictogram 2020",C,20,01,B,460000,0,460000,,,1196,
2180400,240409,NBO,DINFRINL1FBF1,NBO,"RINGER lactate, 1l, flex. bag, PVC free",C,20,01,C,672,0,672,BIEF25H10E9B,31-07-2028,551.04,
2128778,236797,NBO,DINFDEXT5SRF5,NBO,"DEXTROSE (GLUCOSE), 5%, 500ml, semi-rigid bot., PVC free",C,20,02,B,1000,0,1000,LABAN0708,31-03-2029,550,
2128777,236797,NBO,DINFDEXT5SRF5,NBO,"DEXTROSE (GLUCOSE), 5%, 500ml, semi-rigid bot., PVC free",C,20,02,C,1000,0,1000,LABAN0708,31-03-2029,550,
2180453,245572,NBO,SMSUGLOS75-,NBO,"GLOVES, SURGICAL, latex, s.u., sterile, pair, 7.5",C,20,03,C,9600,0,9600,KANA2603380C175,28-02-2031,2112.192,
2121196,235840,NBO,SINSIVCST16W1,NBO,"SAFETY IV CATHETER, tip,16G x 45 mm, wings, IP, grey",D,01,01,C,7500,0,7500,POLM3129425D,31-03-2030,1814.3025,
2167710,243575,NBO,DEXTCLOT5T-,NBO,"CLOTRIMAZOLE, 500mg, vaginal tab./pessary + applicator",D,01,03,C,2400,0,2400,UNKE5815668A,30-01-2029,1082.4,
2118421,232709,NBO,SINSSYAI005,NBO,"SYRINGE, AUTO-DISABLE with needle, s.u., imm, 0.5 ml",D,01,04,C,38400,0,38400,ADMD812507,30-12-2029,1219.0848,
2136452,237926,NBO,DORAAMOX2TDB,NBO,"AMOXICILLIN, 250mg, disp. and break. tab.",D,03,01,A,86400,0,86400,MILIATFHV0395,31-05-2028,1292.112,
2176496,244715,NBO,SINSIVCST20W1,NBO,"SAFETY IV CATHETER, tip, 20G x 32 mm, wings, IP, pink",D,03,01,C,9500,0,9500,POLM3061526B,31-01-2031,2286.7545,
2178847,245040,NBO,DINFRINL1FBF1,NBO,"RINGER lactate, 1l, flex. bag, PVC free",D,03,02,A,372,0,372,BIEF25L09E0T,30-11-2028,320.731332,
2178320,245062,NBO,SDRECOMP4A4,NBO,"COMPRESS, abdominal, 45x45 cm, 4 layers, 17 threads, sterile",D,03,02,C,1800,0,1800,XUZE2691ZB,31-01-2031,393.0732,
2167711,243575,NBO,DEXTCLOT5T-,NBO,"CLOTRIMAZOLE, 500mg, vaginal tab./pessary + applicator",D,03,03,A,2880,0,2880,UNKE5815668A,30-01-2029,1298.88,
2118422,232709,NBO,SINSSYAI005,NBO,"SYRINGE, AUTO-DISABLE with needle, s.u., imm, 0.5 ml",D,03,04,A,38400,0,38400,ADMD812507,30-12-2029,1219.0848,
2129839,237488,NBO,DORAASAQ2T1,NBO,"AS 50 mg / AQ eq. 135mg base, blister of 3 tab, 9-17 kg",D,04,01,A,21600,0,21600,IPCLCYY2525004,30-04-2027,3167.0784,
2167713,243575,NBO,DEXTCLOT5T-,NBO,"CLOTRIMAZOLE, 500mg, vaginal tab./pessary + applicator",D,04,03,A,2880,0,2880,UNKE5815668A,30-01-2029,1298.88,
2153565,241080,NBO,DORAORSA2S-,NBO,"ORAL REHYDRATION SALTS (ORS) low osmol., sachet 20.5g/1l",D,04,04,B,18000,0,18000,UNKE5815351A,30-11-2028,1223.208,
2153566,241080,NBO,DORAORSA2S-,NBO,"ORAL REHYDRATION SALTS (ORS) low osmol., sachet 20.5g/1l",D,05,03,B,18000,0,18000,UNKE5815351A,30-11-2028,1223.208,
2167716,243575,NBO,DEXTCLOT5T-,NBO,"CLOTRIMAZOLE, 500mg, vaginal tab./pessary + applicator",D,05,04,A,2880,0,2880,UNKE5815668A,30-01-2029,1298.88,
2134295,237926,NBO,DORAPARA5T-,NBO,"PARACETAMOL (acetaminophen), 500mg, tab.",D,05,04,B,288000,0,288000,MILIPMMH0662,31-05-2030,1755.36,
2134306,237926,NBO,DORAPARA5T-,NBO,"PARACETAMOL (acetaminophen), 500mg, tab.",D,05,04,C,288000,0,288000,MILIPMMH0664,31-05-2030,1755.36,
2153567,241080,NBO,DORAORSA2S-,NBO,"ORAL REHYDRATION SALTS (ORS) low osmol., sachet 20.5g/1l",D,06,02,A,18000,0,18000,UNKE5815352A,30-11-2028,1223.208,
2134286,237926,NBO,DORAPARA5T-,NBO,"PARACETAMOL (acetaminophen), 500mg, tab.",D,06,02,C,288000,0,288000,MILIPMMH0661,31-05-2030,1755.36,
2134287,237926,NBO,DORAPARA5T-,NBO,"PARACETAMOL (acetaminophen), 500mg, tab.",D,06,03,A,288000,0,288000,MILIPMMH0661,31-05-2030,1755.36,
2153568,241080,NBO,DORAORSA2S-,NBO,"ORAL REHYDRATION SALTS (ORS) low osmol., sachet 20.5g/1l",D,06,03,C,18000,0,18000,UNKE5815352A,30-11-2028,1223.208,
2167714,243575,NBO,DEXTCLOT5T-,NBO,"CLOTRIMAZOLE, 500mg, vaginal tab./pessary + applicator",D,06,04,A,2880,0,2880,UNKE5815668A,30-01-2029,1298.88,
2153569,241080,NBO,DORAORSA2S-,NBO,"ORAL REHYDRATION SALTS (ORS) low osmol., sachet 20.5g/1l",D,06,04,B,18000,0,18000,UNKE5815352A,30-11-2028,1223.208,
2153570,241080,NBO,DORAORSA2S-,NBO,"ORAL REHYDRATION SALTS (ORS) low osmol., sachet 20.5g/1l",D,06,04,C,18000,0,18000,UNKE5815352A,30-11-2028,1223.208,
2167709,243575,NBO,DEXTCLOT5T-,NBO,"CLOTRIMAZOLE, 500mg, vaginal tab./pessary + applicator",D,07,01,A,2880,0,2880,UNKE5815668A,30-01-2029,1298.88,
2177840,239266,NBO,DINJARTS6V-,NBO,"ARTESUNATE 60mg, powder,vial +NaHCO3 5% 1ml +NaCl 0.9% 5ml",D,07,01,B,3200,0,3200,GUIPLA250826,15-07-2028,4157.1968,
2145800,239874,NBO,SINSIVCST16W1,NBO,"SAFETY IV CATHETER, tip,16G x 45 mm, wings, IP, grey",D,07,01,C,10000,0,10000,POLM3330625K,31-08-2030,2178.79,
2167657,,NBO,SSDTMALP25T3,NBO,"MALARIA HRP-2/pan pLDH TEST,wb,1t.(STAND.Q P.f/Pan 09MAL30D)",D,07,02,C,12000,0,12000,SDBS5106AV1D11,28-10-2027,3226.56,
2153571,241080,NBO,DORAORSA2S-,NBO,"ORAL REHYDRATION SALTS (ORS) low osmol., sachet 20.5g/1l",D,07,03,A,18000,0,18000,UNKE5815353A,30-11-2028,1223.208,
2153572,241080,NBO,DORAORSA2S-,NBO,"ORAL REHYDRATION SALTS (ORS) low osmol., sachet 20.5g/1l",D,07,03,C,18000,0,18000,UNKE5815353A,30-11-2028,1223.208,
2153573,241080,NBO,DORAORSA2S-,NBO,"ORAL REHYDRATION SALTS (ORS) low osmol., sachet 20.5g/1l",D,07,04,A,18000,0,18000,UNKE5815353A,30-11-2028,1223.208,
2153574,241080,NBO,DORAORSA2S-,NBO,"ORAL REHYDRATION SALTS (ORS) low osmol., sachet 20.5g/1l",D,07,04,B,18000,0,18000,UNKE5815353A,30-11-2028,1223.208,
2167662,,NBO,SSDTMALP25T3,NBO,"MALARIA HRP-2/pan pLDH TEST,wb,1t.(STAND.Q P.f/Pan 09MAL30D)",D,08,01,A,12000,0,12000,SDBS5106AV2D11,28-10-2027,3226.56,
2167663,,NBO,SSDTMALP25T3,NBO,"MALARIA HRP-2/pan pLDH TEST,wb,1t.(STAND.Q P.f/Pan 09MAL30D)",D,08,01,B,12000,0,12000,SDBS5106AV2D11,28-10-2027,3226.56,
2175988,244748,NBO,SINSSYDL01-,NBO,"SYRINGE, s.u., Luer, 1 ml, graduated 1/100",D,08,01,C,25200,0,25200,JMMT20260220,19-02-2031,690.5556,
2153575,241080,NBO,DORAORSA2S-,NBO,"ORAL REHYDRATION SALTS (ORS) low osmol., sachet 20.5g/1l",D,08,02,A,18000,0,18000,UNKE5815354A,30-11-2028,1223.208,
2136451,237926,NBO,DORAAMOX2TDB,NBO,"AMOXICILLIN, 250mg, disp. and break. tab.",D,08,02,C,86400,0,86400,MILIATFHV0395,31-05-2028,1292.112,
2153577,241080,NBO,DORAORSA2S-,NBO,"ORAL REHYDRATION SALTS (ORS) low osmol., sachet 20.5g/1l",D,08,03,B,18000,0,18000,UNKE5815354A,30-11-2028,1223.208,
2153578,241080,NBO,DORAORSA2S-,NBO,"ORAL REHYDRATION SALTS (ORS) low osmol., sachet 20.5g/1l",D,08,04,A,18000,0,18000,UNKE5815354A,30-11-2028,1223.208,
2153579,241080,NBO,DORAORSA2S-,NBO,"ORAL REHYDRATION SALTS (ORS) low osmol., sachet 20.5g/1l",D,08,04,C,18000,0,18000,UNKE5815355A,30-11-2028,1223.208,
2134331,237926,NBO,DORAAMOX2TDB,NBO,"AMOXICILLIN, 250mg, disp. and break. tab.",D,09,01,B,400,0,400,MILIATFHV0395,31-05-2028,5.982,
2134334,237926,NBO,DORAAMOX2TDB,NBO,"AMOXICILLIN, 250mg, disp. and break. tab.",D,09,01,B,86000,0,86000,MILIATFHV0395,31-05-2028,1286.13,
2153564,241080,NBO,DORAORSA2S-,NBO,"ORAL REHYDRATION SALTS (ORS) low osmol., sachet 20.5g/1l",D,09,01,C,18000,0,18000,UNKE5815351A,30-11-2028,1223.208,
2136448,237926,NBO,DORAAMOX2TDB,NBO,"AMOXICILLIN, 250mg, disp. and break. tab.",D,09,02,A,86400,0,86400,MILIATFHV0395,31-05-2028,1292.112,
2153580,241080,NBO,DORAORSA2S-,NBO,"ORAL REHYDRATION SALTS (ORS) low osmol., sachet 20.5g/1l",D,09,02,C,18000,0,18000,UNKE5815355A,30-11-2028,1223.208,
2153581,241080,NBO,DORAORSA2S-,NBO,"ORAL REHYDRATION SALTS (ORS) low osmol., sachet 20.5g/1l",D,09,03,A,18000,0,18000,UNKE5815355A,30-11-2028,1223.208,
2167715,243575,NBO,DEXTCLOT5T-,NBO,"CLOTRIMAZOLE, 500mg, vaginal tab./pessary + applicator",D,09,04,B,2880,0,2880,UNKE5815668A,30-01-2029,1298.88,
2167717,243575,NBO,DEXTCLOT5T-,NBO,"CLOTRIMAZOLE, 500mg, vaginal tab./pessary + applicator",D,09,04,C,2880,0,2880,UNKE5815668A,30-01-2029,1298.88,
2135375,237926,NBO,DORAPARA5T-,NBO,"PARACETAMOL (acetaminophen), 500mg, tab.",D,10,01,A,288000,0,288000,MILIPMMH0663,31-05-2030,1755.36,
2134301,237926,NBO,DORAPARA5T-,NBO,"PARACETAMOL (acetaminophen), 500mg, tab.",D,10,02,A,288000,0,288000,MILIPMMH0663,31-05-2030,1755.36,
2136449,237926,NBO,DORAAMOX2TDB,NBO,"AMOXICILLIN, 250mg, disp. and break. tab.",D,10,02,B,86400,0,86400,MILIATFHV0395,31-05-2028,1292.112,
2146112,,NBO,DORAPARA5T-,NBO,"PARACETAMOL (acetaminophen), 500mg, tab.",D,10,03,A,288000,0,288000,MILIPMMH0660,31-05-2030,1794.24,
2134302,237926,NBO,DORAPARA5T-,NBO,"PARACETAMOL (acetaminophen), 500mg, tab.",D,10,03,B,288000,0,288000,MILIPMMH0663,31-05-2030,1755.36,
2134307,237926,NBO,DORAPARA5T-,NBO,"PARACETAMOL (acetaminophen), 500mg, tab.",D,10,03,C,216000,0,216000,MILIPMMH0664,31-05-2030,1316.52,
2153582,241080,NBO,DORAORSA2S-,NBO,"ORAL REHYDRATION SALTS (ORS) low osmol., sachet 20.5g/1l",D,10,04,B,4000,0,4000,UNKE5815355A,30-11-2028,271.824,
2118343,232709,NBO,SINSSYAI005,NBO,"SYRINGE, AUTO-DISABLE with needle, s.u., imm, 0.5 ml",D,10,04,C,38400,0,38400,ADMD812507,30-12-2029,1219.0848,
2179075,238625,NBO,DORAAMOX2TDB,NBO,"AMOXICILLIN, 250mg, disp. and break. tab.",D,11,01,A,76800,0,76800,MILIATFHV0394,30-05-2028,1198.464,
2179076,238625,NBO,DORAAMOX2TDB,NBO,"AMOXICILLIN, 250mg, disp. and break. tab.",D,11,01,B,86400,0,86400,MILIATFHV0394,30-05-2028,1348.272,
2129835,237488,NBO,DORAASAQ2T1,NBO,"AS 50 mg / AQ eq. 135mg base, blister of 3 tab, 9-17 kg",D,11,01,C,1800,0,1800,IPCLCYY2525004,30-04-2027,263.9232,
2167718,243575,NBO,DEXTCLOT5T-,NBO,"CLOTRIMAZOLE, 500mg, vaginal tab./pessary + applicator",D,11,04,A,2880,0,2880,UNKE5815668A,30-01-2029,1298.88,
2129851,237488,NBO,DORAASAQ3T1,NBO,"AS 100mg / AQ eq. 270mg base, blister of 3 tab, 18-35 kg",D,12,01,B,5400,0,5400,IPCLCYZ4925011,30-04-2027,1201.6998,
2167658,,NBO,SSDTMALP25T3,NBO,"MALARIA HRP-2/pan pLDH TEST,wb,1t.(STAND.Q P.f/Pan 09MAL30D)",D,12,01,C,12000,0,12000,SDBS5106AV1D11,28-10-2027,3226.56,
2180448,245572,NBO,SMSUGLOS75-,NBO,"GLOVES, SURGICAL, latex, s.u., sterile, pair, 7.5",D,12,04,A,9600,0,9600,KANA2603380C175,28-02-2031,2112.192,
2139818,239124,NBO,SMSUGLOS70-,NBO,"GLOVES, SURGICAL, latex, s.u., sterile, pair, 7",D,15,01,A,6800,0,6800,KANA2509152C170,30-08-2030,1394,
2176342,244070,NBO,SMSUGLEN1M-,NBO,"GLOVE, EXAMINATION, nitrile, s.u., non sterile, M",D,15,01,B,14200,0,14200,MDLNZIM26W03,28-12-2030,269.8,
2164300,237338,NBO,SMSUGLOE1M-,NBO,"GLOVE, EXAMINATION, latex, s.u. non sterile, medium",D,15,01,C,54000,0,54000,MDLNKSS25W27,28-06-2028,1836,
2180452,245572,NBO,SMSUGLOS75-,NBO,"GLOVES, SURGICAL, latex, s.u., sterile, pair, 7.5",D,15,03,A,9600,0,9600,KANA2603380C175,28-02-2031,2112.192,
2180447,245572,NBO,SMSUGLOS75-,NBO,"GLOVES, SURGICAL, latex, s.u., sterile, pair, 7.5",D,15,03,C,9600,0,9600,KANA2603380C175,28-02-2031,2112.192,
2162843,239266,NBO,DINJARTS6V-,NBO,"ARTESUNATE 60mg, powder,vial +NaHCO3 5% 1ml +NaCl 0.9% 5ml",D,16,01,A,200,0,200,GUIPLA250826,15-07-2028,259.8248,
2162844,239266,NBO,DINJARTS6V-,NBO,"ARTESUNATE 60mg, powder,vial +NaHCO3 5% 1ml +NaCl 0.9% 5ml",D,16,01,C,3200,0,3200,GUIPLA250826,15-07-2028,4157.1968,
2134325,237926,NBO,DORAAMOX2TDB,NBO,"AMOXICILLIN, 250mg, disp. and break. tab.",D,17,01,A,57600,0,57600,MILIATFHV0395,31-05-2028,861.408,
2173941,237338,NBO,SMSUGLOE1M-,NBO,"GLOVE, EXAMINATION, latex, s.u. non sterile, medium",D,17,01,B,54000,0,54000,MDLNKSS25W27,28-06-2028,1836,
2134296,237926,NBO,DORAPARA5T-,NBO,"PARACETAMOL (acetaminophen), 500mg, tab.",D,17,01,C,288000,0,288000,MILIPMMH0662,31-05-2030,1755.36,
2167664,,NBO,SSDTMALP25T3,NBO,"MALARIA HRP-2/pan pLDH TEST,wb,1t.(STAND.Q P.f/Pan 09MAL30D)",D,18,01,A,3000,0,3000,SDBS5106AV2D11,28-10-2027,806.64,
2176493,244715,NBO,SINSIVCST18W1,NBO,"SAFETY IV CATHETER, tip,18G x 45 mm, wings, IP, green",D,18,01,B,25500,0,25500,POLM3061426B,31-01-2031,6138.1305,
2178843,245040,NBO,DINFRINL1FBF1,NBO,"RINGER lactate, 1l, flex. bag, PVC free",DI,02,,,4032,0,4032,BIEF25L09E0T,30-11-2028,3476.313792,
2145795,239874,NBO,SINSSETI2--,NBO,"INFUSION SET 'Y', Luer-lock, air inlet, sterile, s.u.",DI,03,,,30000,0,30000,POLM6295725K,31-08-2030,3460.44,
2145735,239874,NBO,SINSSETP150,NBO,"SET, INFUSION, paediatric, precision, sterile, s.u.",DI,04,,,6000,0,6000,POLM2515396K,31-08-2030,2729.904,
2145742,239874,NBO,SINSSETP150,NBO,"SET, INFUSION, paediatric, precision, sterile, s.u.",DI,05,,,6000,0,6000,POLM2515397K,31-08-2030,2729.904,
2173835,244070,NBO,SMSUGLEN1M-,NBO,"GLOVE, EXAMINATION, nitrile, s.u., non sterile, M",DI,06,,,432000,0,432000,MDLNZIM26W03,28-12-2030,8208,
2176456,244715,NBO,SINSSETP150,NBO,"SET, INFUSION, paediatric, precision, sterile, s.u.",DI,07,,,6000,0,6000,POLM2611026B,31-01-2031,3070.596,
2173836,244070,NBO,SMSUGLEN1M-,NBO,"GLOVE, EXAMINATION, nitrile, s.u., non sterile, M",DI,08,,,648000,0,648000,MDLNZIM26W03,28-12-2030,12312,
2134321,237926,NBO,DORAAMOX2TDB,NBO,"AMOXICILLIN, 250mg, disp. and break. tab.",DI,09,,,518400,0,518400,MILIATFHV0395,31-05-2028,7784.2944,
2145767,239874,NBO,SINSSETP150,NBO,"SET, INFUSION, paediatric, precision, sterile, s.u.",DI,10,,,6000,0,6000,POLM2515398K,31-08-2030,2729.904,
2173848,244070,NBO,SMSUGLEN1L-,NBO,"GLOVE, EXAMINATION, nitrile, s.u., non sterile, L",DI,11,,,432000,0,432000,MDLNZIM26W03,28-12-2030,8208,
2176461,244715,NBO,SINSSETP150,NBO,"SET, INFUSION, paediatric, precision, sterile, s.u.",DI,12,,,6000,0,6000,POLM2611027B,31-01-2031,3070.596,
2129126,237338,NBO,SMSUGLOE1M-,NBO,"GLOVE, EXAMINATION, latex, s.u. non sterile, medium",DI,13,,,324000,0,324000,MDLNKSS25W27,28-06-2028,11016,
2176467,244715,NBO,SINSSETP150,NBO,"SET, INFUSION, paediatric, precision, sterile, s.u.",DI,14,,,6000,0,6000,POLM2611028B,31-01-2031,3070.596,
2176474,244715,NBO,SINSSETP150,NBO,"SET, INFUSION, paediatric, precision, sterile, s.u.",DI,15,,,6000,0,6000,POLM2611029B,31-01-2031,3070.596,
2178844,245040,NBO,DINFRINL1FBF1,NBO,"RINGER lactate, 1l, flex. bag, PVC free",DI,18,,,4032,0,4032,BIEF25L09E0T,30-11-2028,3476.313792,
2178848,245040,NBO,DINFRINL1FBF1,NBO,"RINGER lactate, 1l, flex. bag, PVC free",DI,19,,,4032,0,4032,BIEF25L10E0U,30-11-2028,3476.313792,
2178849,245040,NBO,DINFRINL1FBF1,NBO,"RINGER lactate, 1l, flex. bag, PVC free",DI,21,,,4032,0,4032,BIEF25L10E0U,30-11-2028,3476.313792,
2178850,245040,NBO,DINFRINL1FBF1,NBO,"RINGER lactate, 1l, flex. bag, PVC free",DI,22,,,4032,0,4032,BIEF25L10E0U,30-11-2028,3476.313792,
2163984,243028,NBO,DINFDERI5FBF5,NBO,"DEXTROSE 5%/ RINGER LACTATE, 500ml, flex. bag, PVC free",DI,23,,,7680,0,7680,BIEF25K10E6A,31-10-2027,5990.4,
2178851,245040,NBO,DINFRINL1FBF1,NBO,"RINGER lactate, 1l, flex. bag, PVC free",DI,24,,,4032,0,4032,BIEF25L10E0U,30-11-2028,3476.313792,
2178862,245040,NBO,DINFRINL1FBF1,NBO,"RINGER lactate, 1l, flex. bag, PVC free",DI,25,,,3360,0,3360,BIEF25L10E0U,30-11-2028,2896.92816,
2178863,245040,NBO,DINFRINL1FBF1,NBO,"RINGER lactate, 1l, flex. bag, PVC free",DI,25,,,672,0,672,BIEF25L10E0U,30-11-2028,579.385632,
2178304,245062,NBO,SDRECOMP1S-,NBO,"COMPRESS, GAUZE, 10 cm, 12 plies, 17 threads, sterile",DI,26,,,216000,0,216000,XUZE2691ZB,31-01-2031,6062.472,
2139574,238625,NBO,DORAAMOX2TDB,NBO,"AMOXICILLIN, 250mg, disp. and break. tab.",DI,28,,,691200,0,691200,MILIATFHV0394,30-05-2028,10786.176,
2167659,,NBO,SSDTMALP25T3,NBO,"MALARIA HRP-2/pan pLDH TEST,wb,1t.(STAND.Q P.f/Pan 09MAL30D)",DI,30,,,96000,0,96000,SDBS5106AV1D11,28-10-2027,25812.48,
2163980,243028,NBO,DINFDERI5FBF5,NBO,"DEXTROSE 5%/ RINGER LACTATE, 500ml, flex. bag, PVC free",DI,31,,,980,0,980,BIEF25K10E5B,31-10-2027,764.4,
2163981,243028,NBO,DINFDERI5FBF5,NBO,"DEXTROSE 5%/ RINGER LACTATE, 500ml, flex. bag, PVC free",DI,31,,,7680,0,7680,BIEF25K10E5B,31-10-2027,5990.4,
2164980,243028,NBO,DINFDERI5FBF5,NBO,"DEXTROSE 5%/ RINGER LACTATE, 500ml, flex. bag, PVC free",DI,31,,,4140,0,4140,BIEF25K10E5B,31-10-2027,3229.2,
2175989,244748,NBO,SINSSYDL01-,NBO,"SYRINGE, s.u., Luer, 1 ml, graduated 1/100",L,B,03,,5400,0,5400,JMMT20260220,19-02-2031,147.9762,
2180459,245572,NBO,SMSUGLOS85-,NBO,"GLOVES, SURGICAL, latex, s.u., sterile, pair, 8.5",L,B,04,,1200,0,1200,KANA2603380C185,28-02-2031,264.024,
2145354,237338,NBO,SMSUGLOE1L-,NBO,"GLOVE, EXAMINATION, latex, s.u. non sterile, large",L,B,05,,800,0,800,MDLNKSS25W27,28-06-2028,27.2,
2165340,237338,NBO,SMSUGLOE1L-,NBO,"GLOVE, EXAMINATION, latex, s.u. non sterile, large",L,B,05,,6000,0,6000,MDLNKSS25W27,28-06-2028,204,
2176466,244715,NBO,SINSSETP150,NBO,"SET, INFUSION, paediatric, precision, sterile, s.u.",L,B,06,,75,0,75,POLM2611027B,31-01-2031,38.38245,
2164567,243077,NBO,ELINGOWSSXL,NBO,"SURGICAL GOWN, non-woven, high performance, sterile., XL",L,B,07,,100,0,100,ZARY062509300E,16-09-2030,99.8872,
2175162,236561,NBO,SMSUGLOS70-,NBO,"GLOVES, SURGICAL, latex, s.u., sterile, pair, 7",L,B,08,,1650,0,1650,KANA2505362C170,30-04-2030,338.25,
2176357,239124,NBO,SMSUGLOS80-,NBO,"GLOVES, SURGICAL, latex, s.u., sterile, pair, 8",L,B,09,,650,0,650,KANA2509152C180,30-08-2030,133.25,
2181614,239124,NBO,SMSUGLOS80-,NBO,"GLOVES, SURGICAL, latex, s.u., sterile, pair, 8",L,B,09,,1200,0,1200,KANA2509152C180,30-08-2030,246,
2173801,237488,NBO,DORAASAQ2T1,NBO,"AS 50 mg / AQ eq. 135mg base, blister of 3 tab, 9-17 kg",L,B,10,,975,0,975,IPCLCYY2525004,30-04-2027,142.9584,
2179964,237488,NBO,DORAASAQ2T1,NBO,"AS 50 mg / AQ eq. 135mg base, blister of 3 tab, 9-17 kg",L,B,10,,1200,0,1200,IPCLCYY2525004,30-04-2027,175.9488,
2180455,245572,NBO,SMSUGLOS75-,NBO,"GLOVES, SURGICAL, latex, s.u., sterile, pair, 7.5",L,B,11,,600,0,600,KANA2603380C175,28-02-2031,132.012,
2181613,245572,NBO,SMSUGLOS75-,NBO,"GLOVES, SURGICAL, latex, s.u., sterile, pair, 7.5",L,B,11,,1200,0,1200,KANA2603380C175,28-02-2031,264.024,
2180122,244070,NBO,SMSUGLEN1L-,NBO,"GLOVE, EXAMINATION, nitrile, s.u., non sterile, L",L,B,12,,12000,0,12000,MDLNZIM26W03,28-12-2030,228,
2179065,237926,NBO,DORAPARA5T-,NBO,"PARACETAMOL (acetaminophen), 500mg, tab.",L,B,14,,60000,0,60000,MILIPMMH0660,31-05-2030,365.7,
2180120,241238,NBO,SINSNEED19-,NBO,"NEEDLE, s.u., Luer, 19 G (1.1 x 40 mm) cream, IV",L,B,15,,17000,0,17000,JMMT20250920,19-09-2030,142.8,
2141649,237338,NBO,SMSUGLOE1M-,NBO,"GLOVE, EXAMINATION, latex, s.u. non sterile, medium",L,C,01,,900,0,900,MDLNKSS25W27,28-06-2028,30.6,
2163997,237338,NBO,SMSUGLOE1M-,NBO,"GLOVE, EXAMINATION, latex, s.u. non sterile, medium",L,C,01,,5500,0,5500,MDLNKSS25W27,28-06-2028,187,
2176849,237926,NBO,DORAAMOX2TDB,NBO,"AMOXICILLIN, 250mg, disp. and break. tab.",L,C,03,,3900,0,3900,MILIATFHV0395,31-05-2028,58.3245,
2179059,237926,NBO,DORAAMOX2TDB,NBO,"AMOXICILLIN, 250mg, disp. and break. tab.",L,C,03,,9600,0,9600,MILIATFHV0395,31-05-2028,143.568,
2181611,237926,NBO,DORAAMOX2TDB,NBO,"AMOXICILLIN, 250mg, disp. and break. tab.",L,C,03,,9600,0,9600,MILIATFHV0395,31-05-2028,143.568,
2143067,234019,NBO,SINSIVCST16W1,NBO,"SAFETY IV CATHETER, tip,16G x 45 mm, wings, IP, grey",L,C,05,,2850,0,2850,POLM3037425B,30-01-2030,748.61805,
2176495,244715,NBO,SINSIVCST20W1,NBO,"SAFETY IV CATHETER, tip, 20G x 32 mm, wings, IP, pink",L,C,07,,2000,0,2000,POLM3061526B,31-01-2031,481.422,
2176936,244715,NBO,SINSIVCST20W1,NBO,"SAFETY IV CATHETER, tip, 20G x 32 mm, wings, IP, pink",L,C,07,,250,0,250,POLM3061526B,31-01-2031,60.17775,
2180119,241943,NBO,SDRETAPA1P5,NBO,"ADHESIVE TAPE, fabric, perforated, 10cm x 5m",L,C,08,,276,0,276,SYLA2604SY-1,31-10-2030,519.799908,
2182298,241943,NBO,SDRETAPA1P5,NBO,"ADHESIVE TAPE, fabric, perforated, 10cm x 5m",L,C,08,,7,0,7,SYLA2604SY-1,31-10-2030,13.183331,
2157956,241943,NBO,SDRECOMP4A4,NBO,"COMPRESS, abdominal, 45x45 cm, 4 layers, 17 threads, sterile",L,C,09,,285,0,285,SYLA2643ZB-1,31-10-2030,61.6455,
2180121,241238,NBO,SINSSYDL05-,NBO,"SYRINGE, s.u., Luer, 5 ml",L,C,12,,2300,0,2300,JMMT20250920,19-09-2030,54.97,
2167660,,NBO,SSDTMALP25T3,NBO,"MALARIA HRP-2/pan pLDH TEST,wb,1t.(STAND.Q P.f/Pan 09MAL30D)",L,C,15,,3100,0,3100,SDBS5106AV1D11,28-10-2027,833.528,
2180409,244748,NBO,SINSSYDL20-,NBO,"SYRINGE, s.u., Luer, 20 ml",L,C,16,,1200,0,1200,JMMT20260220,19-02-2031,82.0188,
2165339,236799,NBO,SMSUGLEN1L-,NBO,"GLOVE, EXAMINATION, nitrile, s.u., non sterile, L",L,D,02,,400,0,400,MDLNZIM25W23,28-05-2028,7.6,
2180123,241943,NBO,SDRECOTW5R-,NBO,"COTTON WOOL, hydrophilic, roll, 500 g",L,D,04,,36,0,36,SYLA2504MSF,31-10-2030,62.64,
2175160,239874,NBO,SCTDBAGU2VSS,NBO,"URINE BAG 2 l, drain., non-ret. valves, sampling port, ster.",L,D,05,,75,0,75,POLM6307625K,31-08-2030,20.635575,
2179966,239874,NBO,SCTDBAGU2VSS,NBO,"URINE BAG 2 l, drain., non-ret. valves, sampling port, ster.",L,D,05,,180,0,180,POLM6307625K,31-08-2030,49.52538,
2176472,244715,NBO,SINSSETP150,NBO,"SET, INFUSION, paediatric, precision, sterile, s.u.",L,D,06,,75,0,75,POLM2611028B,31-01-2031,38.38245,
2141091,239266,NBO,DINJARTS6V-,NBO,"ARTESUNATE 60mg, powder,vial +NaHCO3 5% 1ml +NaCl 0.9% 5ml",L,D,07,,384,0,384,GUIPLA250818,15-07-2028,498.863616,
2178308,245062,NBO,SDRETAPA1P5,NBO,"ADHESIVE TAPE, fabric, perforated, 10cm x 5m",L,D,08,,46,0,46,SYLA2608SY,31-01-2031,87.462606,
2178687,,NBO,SINSSYDL10-,NBO,"SYRINGE, s.u., Luer, 10 ml",L,D,10,,200,0,200,JMMT20250830,29-08-2030,7.24,
2181612,,NBO,SINSSYDL10-,NBO,"SYRINGE, s.u., Luer, 10 ml",L,D,10,,3000,0,3000,JMMT20250830,29-08-2030,108.6,
2176501,244715,NBO,SINSIVCST22W1,NBO,"SAFETY IV CATHETER, tip, 22G x 25 mm, wings, IP, blue",L,D,11,,1800,0,1800,POLM3061626B,31-01-2031,433.2798,
2167661,,NBO,SSDTMALP25T3,NBO,"MALARIA HRP-2/pan pLDH TEST,wb,1t.(STAND.Q P.f/Pan 09MAL30D)",L,D,12,,3000,0,3000,SDBS5106AV1D11,28-10-2027,806.64,
2178688,236639,NBO,SINSSYDL20-,NBO,"SYRINGE, s.u., Luer, 20 ml",L,D,15,,500,0,500,JMMT20250428,27-04-2030,26.7,
2162529,237488,NBO,DORAASAQ3T1,NBO,"AS 100mg / AQ eq. 270mg base, blister of 3 tab, 18-35 kg",L,D,17,,1025,0,1025,IPCLCYZ4925011,30-04-2027,228.100425,
2179965,237488,NBO,DORAASAQ3T1,NBO,"AS 100mg / AQ eq. 270mg base, blister of 3 tab, 18-35 kg",L,D,17,,1200,0,1200,IPCLCYZ4925011,30-04-2027,267.0444,
2182324,237488,NBO,DORAASAQ3T1,NBO,"AS 100mg / AQ eq. 270mg base, blister of 3 tab, 18-35 kg",L,D,17,,1200,0,1200,IPCLCYZ4925011,30-04-2027,267.0444,
2153561,241080,NBO,DORAORSA2S-,NBO,"ORAL REHYDRATION SALTS (ORS) low osmol., sachet 20.5g/1l",L,E,01,,2000,0,2000,UNKE5815350A,30-11-2028,135.912,
2176343,241080,NBO,DORAORSA2S-,NBO,"ORAL REHYDRATION SALTS (ORS) low osmol., sachet 20.5g/1l",L,E,01,,1000,0,1000,UNKE5815350A,30-11-2028,67.956,
2176850,241080,NBO,DORAORSA2S-,NBO,"ORAL REHYDRATION SALTS (ORS) low osmol., sachet 20.5g/1l",L,E,01,,800,0,800,UNKE5815350A,30-11-2028,54.3648,
2167665,,NBO,SSDTMALP25T3,NBO,"MALARIA HRP-2/pan pLDH TEST,wb,1t.(STAND.Q P.f/Pan 09MAL30D)",L,E,02,,1575,0,1575,SDBS5106AV2D11,28-10-2027,423.486,
2174148,244070,NBO,SMSUGLEN1S-,NBO,"GLOVE, EXAMINATION, nitrile, s.u., non sterile, S",L,E,03,,11000,0,11000,MDLNZIM26W02,28-12-2030,209,
2164557,243077,NBO,ELINGOWSSL-,NBO,"SURGICAL GOWN, non-woven, high performance, sterile, L",L,E,04,,50,0,50,ZARY062509299E,16-09-2030,48.67965,
2166604,,NBO,ELINDRSS5US,NBO,"DRAPE, non-woven, high perf., sterile, universal set",L,E,06,,32,0,32,ZARY062509297E,16-09-2030,210.002624,
2178365,245062,NBO,SDRECOTW5R-,NBO,"COTTON WOOL, hydrophilic, roll, 500 g",L,E,07,,12,0,12,SYLA2601MSF,31-03-2031,21.080244,
2167666,,NBO,SSDTMALP25T3,NBO,"MALARIA HRP-2/pan pLDH TEST,wb,1t.(STAND.Q P.f/Pan 09MAL30D)",L,E,08,,525,0,525,SDBS5106B71D11,06-11-2027,141.162,
2179969,244748,NBO,SINSNEED21-,NBO,"NEEDLE, s.u., Luer, 21 G (0.8 x 40 mm) green, IM",L,E,10,,17900,0,17900,JMMT20260220,19-02-2031,183.7077,
2178695,245062,NBO,SDRECOMN7N-,NBO,"COMPRESS, NON WOVEN, 4 plies, 7.5 cm, non sterile",L,E,11,,4300,0,4300,SYLA2611SA,31-01-2031,16.3486,
2180408,245062,NBO,SDRECOMN7N-,NBO,"COMPRESS, NON WOVEN, 4 plies, 7.5 cm, non sterile",L,E,11,,20000,0,20000,SYLA2611SA,31-01-2031,76.04,
2164523,243108,NBO,SMSUBAGP16-,NBO,"BAG, plastic, for health card, 16x22 cm, re-sealable zipper",L,E,12,,13000,0,13000,,,162.5,
2176344,243108,NBO,SDDCBAGP06P1,NBO,"BAG for drugs, plastic, zipper, 6 x 8 cm, + pictogram 2020",L,E,13,,2500,0,2500,,,6.5,
2179967,243108,NBO,SDDCBAGP06P1,NBO,"BAG for drugs, plastic, zipper, 6 x 8 cm, + pictogram 2020",L,E,13,,20000,0,20000,,,52,
2174667,244070,NBO,SMSUGLEN1M-,NBO,"GLOVE, EXAMINATION, nitrile, s.u., non sterile, M",L,E,14,,9800,0,9800,MDLNZIM26W03,28-12-2030,186.2,
2167719,243575,NBO,DEXTCLOT5T-,NBO,"CLOTRIMAZOLE, 500mg, vaginal tab./pessary + applicator",L,E,16,,650,0,650,UNKE5815668A,30-01-2029,236.75795,
2163996,239874,NBO,SINSIVCST18W1,NBO,"SAFETY IV CATHETER, tip,18G x 45 mm, wings, IP, green",L,F,01,,950,0,950,POLM3330325K,31-08-2030,206.98505,
2178684,239874,NBO,SINSIVCST18W1,NBO,"SAFETY IV CATHETER, tip,18G x 45 mm, wings, IP, green",L,F,01,,2000,0,2000,POLM3330325K,31-08-2030,435.758,
2174665,236798,NBO,SDRECOMP1S-,NBO,"COMPRESS, GAUZE, 10 cm, 12 plies, 17 threads, sterile",L,F,02,,4750,0,4750,XUZE2536ZC-1,31-05-2030,132.05,
2178685,244748,NBO,SINSNEED19-,NBO,"NEEDLE, s.u., Luer, 19 G (1.1 x 40 mm) cream, IV",L,F,03,,14700,0,14700,JMMT20260220,19-02-2031,150.8661,
2181420,245062,NBO,SDREBANE104,NBO,"BANDAGE, CREPE (Velpeau), 10 cm x 4 m",L,F,04,,1200,0,1200,SYLA2611SA,31-01-2031,144.7752,
2182304,245062,NBO,SDREBANE104,NBO,"BANDAGE, CREPE (Velpeau), 10 cm x 4 m",L,F,04,,20,0,20,SYLA2611SA,31-01-2031,2.41292,
2174666,,NBO,SINSSYAI005,NBO,"SYRINGE, AUTO-DISABLE with needle, s.u., imm, 0.5 ml",L,F,06,,5200,0,5200,ADMD812506,30-12-2029,165.1,
2179060,235840,NBO,SINSSETI2--,NBO,"INFUSION SET 'Y', Luer-lock, air inlet, sterile, s.u.",L,F,07,,675,0,675,POLM6136925D,31-03-2030,89.362575,
2173945,239874,NBO,SINSIVCST24W2,NBO,"SAFETY IV CATHETER, tip, 24G x 19 mm, wings, no IP, yellow",L,F,08,,3000,0,3000,POLM3330725K,31-08-2030,730.536,
2154153,241292,NBO,CSHEPLASWR4,NBO,"PLASTIC SHEETING, 4x60m, white/white, 6 bands, roll",MS,01,,,27,0,27,,,3136.21767,
2178828,245249,NBO,CSHEPLASWR4,NBO,"PLASTIC SHEETING, 4x60m, white/white, 6 bands, roll",MS,01,,,20,0,20,,,2330.57578,
2117314,222165,NBO,CSHETENM45P,NBO,"(multipurpose tent 45m?) PARTITIONS mobile, PVC, 5 parts",MS,04,,,15,0,15,,,3084.46014,
2117318,227736,NBO,CSHETENM45G,NBO,"(multipurpose tent 45m?) GROUNDSHEET, PVC",MS,05,,,2,0,2,,,761.047954,
2117319,227736,NBO,CSHETENM45G,NBO,"(multipurpose tent 45m?) GROUNDSHEET, PVC",MS,05,,,23,0,23,,,8752.051471,
2176880,245016,NBO,CWATBEDNDPP32,NBO,"MOSQUITO NET deltamethrin, PBO (Permanet 3.0) 2 persons",MS,06,,,19300,0,19300,101926,28-02-2028,51590.5019,
2117307,227736,NBO,CSHETENM45N,NBO,(multipurpose tent 45m?) SHADE NET + frame,MS,07,,,4,0,4,,,1117.397468,
2117308,227736,NBO,CSHETENM45N,NBO,(multipurpose tent 45m?) SHADE NET + frame,MS,07,,,10,0,10,,,2793.49367,
2117343,233095,NBO,CSHENETS804,NBO,"SHADE NET, 80%, 4x50m, roll",MS,09,,,54,0,54,PO246F0142,,6879.19932,
2154100,241194,NBO,CWATBEDNACG22,NBO,MOSQUITO NET alphacyp+chlorfen. (Interceptor G2) 2 persons,MS,10,,,31450,0,31450,T25254G22,31-10-2028,81870.0739,
2149463,240468,NBO,CSHEPLASWS4,NBO,"PLASTIC SHEETING, 4x6m, white/white, 6 bands, sheet",MS,13,,,65,0,65,,,754.95758,
2151164,240718,NBO,CSHEPLASWS4,NBO,"PLASTIC SHEETING, 4x6m, white/white, 6 bands, sheet",MS,13,,,150,0,150,,,1726.83,
2179330,245484,NBO,NFOSRUTFPEP92,NBO,"READY-TO-USE THERAPEUTIC FOOD, peanut paste, 92g",SP,01,,,40950,0,40950,INPK368,30-04-2028,10512.72495,
2175966,244748,NBO,SINSSYDL05-,NBO,"SYRINGE, s.u., Luer, 5 ml",UM,04,,,172800,0,172800,JMMT20260220,19-02-2031,4369.5936,
2175969,244748,NBO,SINSSYDL10-,NBO,"SYRINGE, s.u., Luer, 10 ml",UM,05,,,144000,0,144000,JMMT20260220,19-02-2031,6627.6,
2174232,,NBO,SINSSYDL10-,NBO,"SYRINGE, s.u., Luer, 10 ml",UM,06,,,144000,0,144000,JMMT20250830,29-08-2030,5212.8,
2175970,244748,NBO,SINSSYDL10-,NBO,"SYRINGE, s.u., Luer, 10 ml",UM,07,,,144000,0,144000,JMMT20260220,19-02-2031,6627.6,
2174233,,NBO,SINSSYDL10-,NBO,"SYRINGE, s.u., Luer, 10 ml",UM,08,,,144000,0,144000,JMMT20250830,29-08-2030,5212.8,
2157563,241943,NBO,SDRECOMP1S-,NBO,"COMPRESS, GAUZE, 10 cm, 12 plies, 17 threads, sterile",UM,09,,,480000,0,480000,SYLA2643ZB-1,31-10-2030,13344,
2155199,241238,NBO,SINSSYDL05-,NBO,"SYRINGE, s.u., Luer, 5 ml",UM,11,,,86400,0,86400,JMMT20250920,19-09-2030,2064.96,
2175960,244748,NBO,SINSSYDL05-,NBO,"SYRINGE, s.u., Luer, 5 ml",UM,12,,,28800,0,28800,JMMT20260220,19-02-2031,728.2656,
2175961,244748,NBO,SINSSYDL05-,NBO,"SYRINGE, s.u., Luer, 5 ml",UM,12,,,28800,0,28800,JMMT20260220,19-02-2031,728.2656,
2175963,244748,NBO,SINSSYDL05-,NBO,"SYRINGE, s.u., Luer, 5 ml",UM,12,,,28800,0,28800,JMMT20260220,19-02-2031,728.2656,
2175964,244748,NBO,SINSSYDL05-,NBO,"SYRINGE, s.u., Luer, 5 ml",UM,12,,,28800,0,28800,JMMT20260220,19-02-2031,728.2656,
2157564,241943,NBO,SDRECOMP1S-,NBO,"COMPRESS, GAUZE, 10 cm, 12 plies, 17 threads, sterile",UM,13,,,160000,0,160000,SYLA2643ZB-1,31-10-2030,4448,
2173943,241943,NBO,SDRECOMP1S-,NBO,"COMPRESS, GAUZE, 10 cm, 12 plies, 17 threads, sterile",UM,13,,,80000,0,80000,SYLA2643ZB-1,31-10-2030,2224,
2175971,244748,NBO,SINSSYDL20-,NBO,"SYRINGE, s.u., Luer, 20 ml",UM,14,,,9600,0,9600,JMMT20260220,19-02-2031,656.1504,
2175973,244748,NBO,SINSSYDL20-,NBO,"SYRINGE, s.u., Luer, 20 ml",UM,14,,,9600,0,9600,JMMT20260220,19-02-2031,656.1504,
2175974,244748,NBO,SINSSYDL20-,NBO,"SYRINGE, s.u., Luer, 20 ml",UM,14,,,8400,0,8400,JMMT20260220,19-02-2031,574.1316,
2175975,244748,NBO,SINSSYDL20-,NBO,"SYRINGE, s.u., Luer, 20 ml",UM,14,,,9600,0,9600,JMMT20260220,19-02-2031,656.1504,
2181396,244748,NBO,SINSSYDL20-,NBO,"SYRINGE, s.u., Luer, 20 ml",UM,14,,,1200,0,1200,JMMT20260220,19-02-2031,82.0188,
2180028,236798,NBO,SDRECOMP1S-,NBO,"COMPRESS, GAUZE, 10 cm, 12 plies, 17 threads, sterile",UM,15,01,A,40000,0,40000,XUZE2536ZC-1,31-05-2030,1112,
2180244,,NBO,SINSSYDL10-,NBO,"SYRINGE, s.u., Luer, 10 ml",UM,15,01,B,9000,0,9000,JMMT20250830,29-08-2030,325.8,
2180031,236798,NBO,SDRECOMP1S-,NBO,"COMPRESS, GAUZE, 10 cm, 12 plies, 17 threads, sterile",UM,15,01,D,56000,0,56000,XUZE2536ZC-1,31-05-2030,1556.8,
2180032,236798,NBO,SDRECOMP1S-,NBO,"COMPRESS, GAUZE, 10 cm, 12 plies, 17 threads, sterile",UM,15,01,D,24000,0,24000,XUZE2536ZC-1,31-05-2030,667.2,
2180401,244748,NBO,SINSSYDL20-,NBO,"SYRINGE, s.u., Luer, 20 ml",UM,15,01,E,9600,0,9600,JMMT20260220,19-02-2031,656.1504,
2180195,241238,NBO,SINSSYDL05-,NBO,"SYRINGE, s.u., Luer, 5 ml",UM,17,01,A,26400,0,26400,JMMT20250920,19-09-2030,630.96,
2182326,,NBO,SINSSYDL10-,NBO,"SYRINGE, s.u., Luer, 10 ml",UM,17,01,B,24000,0,24000,JMMT20250830,29-08-2030,868.8,
2180038,244748,NBO,SINSSYDL20-,NBO,"SYRINGE, s.u., Luer, 20 ml",UM,17,01,C,3000,0,3000,JMMT20260220,19-02-2031,205.047,
2126840,236798,NBO,SDRECOMP1S-,NBO,"COMPRESS, GAUZE, 10 cm, 12 plies, 17 threads, sterile",UM,17,01,D,52000,0,52000,XUZE2536ZC-1,31-05-2030,1445.6,
2182325,,NBO,SINSSYDL10-,NBO,"SYRINGE, s.u., Luer, 10 ml",UM,17,01,E,24000,0,24000,JMMT20250830,29-08-2030,868.8,
,,,,,,,,,,,,,,,,
